id_cliente;nome;email;cidade;estado;idade;sexo
1;Daniela Silva;daniela.silva1@email.com;Natal;RN;26;M
2;Daniela Costa;daniela.costa2@email.com;Curitiba;PR;20;F
3;Ana Santos;ana.santos3@email.com;Rio de Janeiro;RJ;53;M
4;Gabriel Ribeiro;gabriel.ribeiro4@email.com;Londrina;PR;46;M
5;Thiago Rodrigues;thiago.rodrigues5@email.com;Patos;PB;39;F
6;Igor Oliveira;igor.oliveira6@email.com;Niterói;RJ;23;M
7;Marcos Santos;marcos.santos7@email.com;Sobral;CE;20;F
8;Otávio Lima;otávio.lima8@email.com;Caruaru;PE;53;M
9;Juliana Melo;juliana.melo9@email.com;Joinville;SC;63;M
10;Carlos Silva;carlos.silva10@email.com;Niterói;RJ;32;M
11;Daniela Alves;daniela.alves11@email.com;Mossoró;RN;28;F
12;Larissa Ferreira;larissa.ferreira12@email.com;Petrópolis;RJ;62;F
13;Carlos Gomes;carlos.gomes13@email.com;Santos;SP;28;M
14;Otávio Alves;otávio.alves14@email.com;Caicó;RN;61;M
15;Karlos Melo;karlos.melo15@email.com;Patos;PB;38;M
16;Marcos Rodrigues;marcos.rodrigues16@email.com;Recife;PE;31;F
17;Patrícia Alves;patrícia.alves17@email.com;Belo Horizonte;MG;26;F
18;Helena Ribeiro;helena.ribeiro18@email.com;Maringá;PR;65;F
19;Thiago Alves;thiago.alves19@email.com;Joinville;SC;32;F
20;Eduardo Lima;eduardo.lima20@email.com;Belo Horizonte;MG;25;M
21;Eduardo Costa;eduardo.costa21@email.com;Santos;SP;56;F
22;Carlos Alves;carlos.alves22@email.com;Ilhéus;BA;51;F
23;Igor Lima;igor.lima23@email.com;Campina Grande;PB;61;M
24;Sabrina Carvalho;sabrina.carvalho24@email.com;Caicó;RN;25;F
25;Juliana Alves;juliana.alves25@email.com;Campinas;SP;64;M
26;Igor Lima;igor.lima26@email.com;Santos;SP;58;M
27;Juliana Melo;juliana.melo27@email.com;Maringá;PR;27;M
28;Larissa Carvalho;larissa.carvalho28@email.com;Santos;SP;56;M
29;Karlos Pereira;karlos.pereira29@email.com;Patos;PB;37;F
30;Helena Silva;helena.silva30@email.com;Petrópolis;RJ;23;M
31;Patrícia Melo;patrícia.melo31@email.com;Petrolina;PE;26;M
32;Patrícia Lima;patrícia.lima32@email.com;Campinas;SP;31;F
33;Sabrina Carvalho;sabrina.carvalho33@email.com;Petrópolis;RJ;43;F
34;Larissa Pereira;larissa.pereira34@email.com;Londrina;PR;33;M
35;Helena Santos;helena.santos35@email.com;Fortaleza;CE;55;M
36;Helena Silva;helena.silva36@email.com;Petrolina;PE;32;M
37;Carlos Rocha;carlos.rocha37@email.com;João Pessoa;PB;50;M
38;Helena Rodrigues;helena.rodrigues38@email.com;Belo Horizonte;MG;64;M
39;Thiago Gomes;thiago.gomes39@email.com;Belo Horizonte;MG;44;F
40;Gabriel Santos;gabriel.santos40@email.com;Petrolina;PE;40;F
41;Natália Alves;natália.alves41@email.com;Juiz de Fora;MG;61;M
42;Daniela Silva;daniela.silva42@email.com;Ilhéus;BA;24;F
43;Helena Souza;helena.souza43@email.com;Petrópolis;RJ;26;F
44;Natália Oliveira;natália.oliveira44@email.com;Mossoró;RN;22;M
45;Otávio Carvalho;otávio.carvalho45@email.com;Curitiba;PR;59;M
46;Sabrina Melo;sabrina.melo46@email.com;Patos;PB;28;M
47;Natália Pereira;natália.pereira47@email.com;Belo Horizonte;MG;21;F
48;Fernanda Alves;fernanda.alves48@email.com;João Pessoa;PB;47;F
49;Juliana Alves;juliana.alves49@email.com;Maringá;PR;27;F
50;Gabriel Rodrigues;gabriel.rodrigues50@email.com;Rio de Janeiro;RJ;65;M
51;Karlos Silva;karlos.silva51@email.com;Campina Grande;PB;50;F
52;Rafael Oliveira;rafael.oliveira52@email.com;Campina Grande;PB;29;M
53;Carlos Gomes;carlos.gomes53@email.com;Petrolina;PE;43;M
54;Daniela Rocha;daniela.rocha54@email.com;Florianópolis;SC;57;M
55;Carlos Alves;carlos.alves55@email.com;Blumenau;SC;34;F
56;Gabriel Costa;gabriel.costa56@email.com;Fortaleza;CE;43;F
57;Eduardo Costa;eduardo.costa57@email.com;Mossoró;RN;22;F
58;Ana Pereira;ana.pereira58@email.com;Blumenau;SC;22;M
59;Sabrina Souza;sabrina.souza59@email.com;Londrina;PR;40;M
60;Carlos Rocha;carlos.rocha60@email.com;Niterói;RJ;28;F
61;Otávio Melo;otávio.melo61@email.com;Maringá;PR;57;F
62;Rafael Silva;rafael.silva62@email.com;Londrina;PR;26;M
63;Igor Santos;igor.santos63@email.com;Petrolina;PE;35;M
64;Juliana Gomes;juliana.gomes64@email.com;Petrópolis;RJ;31;F
65;Igor Lima;igor.lima65@email.com;Uberlândia;MG;23;M
66;Natália Melo;natália.melo66@email.com;Natal;RN;39;M
67;Eduardo Costa;eduardo.costa67@email.com;Natal;RN;53;F
68;Natália Lima;natália.lima68@email.com;Patos;PB;62;M
69;Eduardo Lima;eduardo.lima69@email.com;João Pessoa;PB;45;M
70;Eduardo Silva;eduardo.silva70@email.com;Mossoró;RN;40;M
71;Gabriel Costa;gabriel.costa71@email.com;Petrópolis;RJ;40;M
72;Sabrina Rocha;sabrina.rocha72@email.com;Ilhéus;BA;33;M
73;Fernanda Carvalho;fernanda.carvalho73@email.com;Campinas;SP;29;M
74;Karlos Carvalho;karlos.carvalho74@email.com;Ilhéus;BA;35;M
75;Fernanda Carvalho;fernanda.carvalho75@email.com;Caruaru;PE;48;M
76;Helena Souza;helena.souza76@email.com;Uberlândia;MG;32;F
77;Helena Silva;helena.silva77@email.com;Niterói;RJ;35;F
78;Carlos Carvalho;carlos.carvalho78@email.com;Mossoró;RN;61;F
79;Sabrina Ferreira;sabrina.ferreira79@email.com;Patos;PB;29;F
80;Thiago Rodrigues;thiago.rodrigues80@email.com;Patos;PB;40;F
81;Karlos Alves;karlos.alves81@email.com;Blumenau;SC;42;M
82;Thiago Souza;thiago.souza82@email.com;Natal;RN;18;F
83;Rafael Rocha;rafael.rocha83@email.com;Maringá;PR;41;M
84;Natália Santos;natália.santos84@email.com;Crato;CE;60;F
85;Daniela Ribeiro;daniela.ribeiro85@email.com;Caicó;RN;60;F
86;Natália Ferreira;natália.ferreira86@email.com;Ilhéus;BA;53;F
87;Eduardo Souza;eduardo.souza87@email.com;Ilhéus;BA;61;F
88;Fernanda Gomes;fernanda.gomes88@email.com;Joinville;SC;53;F
89;Ana Rodrigues;ana.rodrigues89@email.com;Natal;RN;55;F
90;Vitória Costa;vitória.costa90@email.com;Sobral;CE;46;F
91;Gabriel Lima;gabriel.lima91@email.com;Juiz de Fora;MG;60;M
92;Carlos Rodrigues;carlos.rodrigues92@email.com;Maringá;PR;23;F
93;Helena Costa;helena.costa93@email.com;Natal;RN;27;M
94;Ana Silva;ana.silva94@email.com;Niterói;RJ;47;M
95;Natália Rocha;natália.rocha95@email.com;Florianópolis;SC;49;F
96;Marcos Souza;marcos.souza96@email.com;Santos;SP;24;M
97;Natália Souza;natália.souza97@email.com;Santos;SP;21;F
98;Sabrina Souza;sabrina.souza98@email.com;Caruaru;PE;47;M
99;Rafael Lima;rafael.lima99@email.com;Joinville;SC;57;F
100;Rafael Alves;rafael.alves100@email.com;Londrina;PR;65;M
101;Patrícia Pereira;patrícia.pereira101@email.com;Natal;RN;51;F
102;Patrícia Costa;patrícia.costa102@email.com;Niterói;RJ;22;F
103;Juliana Souza;juliana.souza103@email.com;Mossoró;RN;52;F
104;Carlos Oliveira;carlos.oliveira104@email.com;São Paulo;SP;62;F
105;Eduardo Ribeiro;eduardo.ribeiro105@email.com;Rio de Janeiro;RJ;44;F
106;Karlos Lima;karlos.lima106@email.com;Uberlândia;MG;31;M
107;Natália Alves;natália.alves107@email.com;Blumenau;SC;54;M
108;Marcos Pereira;marcos.pereira108@email.com;João Pessoa;PB;42;F
109;Natália Lima;natália.lima109@email.com;Maringá;PR;49;M
110;Helena Rodrigues;helena.rodrigues110@email.com;Feira de Santana;BA;42;M
111;Karlos Costa;karlos.costa111@email.com;Ilhéus;BA;47;M
112;Eduardo Gomes;eduardo.gomes112@email.com;Curitiba;PR;55;F
113;Thiago Costa;thiago.costa113@email.com;Patos;PB;26;F
114;Otávio Oliveira;otávio.oliveira114@email.com;João Pessoa;PB;38;F
115;Gabriel Pereira;gabriel.pereira115@email.com;Sobral;CE;35;F
116;Natália Rodrigues;natália.rodrigues116@email.com;Caruaru;PE;65;M
117;Sabrina Silva;sabrina.silva117@email.com;Fortaleza;CE;59;M
118;Bruno Carvalho;bruno.carvalho118@email.com;Patos;PB;19;M
119;Vitória Oliveira;vitória.oliveira119@email.com;Rio de Janeiro;RJ;60;F
120;Daniela Gomes;daniela.gomes120@email.com;Niterói;RJ;41;F
121;Fernanda Gomes;fernanda.gomes121@email.com;Blumenau;SC;28;M
122;Juliana Santos;juliana.santos122@email.com;Florianópolis;SC;54;F
123;Marcos Alves;marcos.alves123@email.com;Rio de Janeiro;RJ;24;M
124;Juliana Melo;juliana.melo124@email.com;Florianópolis;SC;40;M
125;Sabrina Alves;sabrina.alves125@email.com;Fortaleza;CE;18;F
126;Natália Melo;natália.melo126@email.com;Belo Horizonte;MG;41;F
127;Otávio Ribeiro;otávio.ribeiro127@email.com;Campinas;SP;64;M
128;Rafael Costa;rafael.costa128@email.com;Caicó;RN;47;F
129;Natália Melo;natália.melo129@email.com;Joinville;SC;33;F
130;Carlos Rodrigues;carlos.rodrigues130@email.com;Belo Horizonte;MG;54;F
131;Vitória Costa;vitória.costa131@email.com;Feira de Santana;BA;49;M
132;Karlos Oliveira;karlos.oliveira132@email.com;Belo Horizonte;MG;34;F
133;Karlos Rodrigues;karlos.rodrigues133@email.com;Blumenau;SC;53;F
134;Ana Lima;ana.lima134@email.com;Rio de Janeiro;RJ;64;M
135;Natália Pereira;natália.pereira135@email.com;Curitiba;PR;59;F
136;Patrícia Pereira;patrícia.pereira136@email.com;Patos;PB;32;F
137;Marcos Ribeiro;marcos.ribeiro137@email.com;Niterói;RJ;48;F
138;Sabrina Lima;sabrina.lima138@email.com;Sobral;CE;40;F
139;Otávio Rodrigues;otávio.rodrigues139@email.com;Mossoró;RN;25;M
140;Gabriel Ferreira;gabriel.ferreira140@email.com;Petrolina;PE;30;M
141;Gabriel Ribeiro;gabriel.ribeiro141@email.com;Uberlândia;MG;24;F
142;Gabriel Rodrigues;gabriel.rodrigues142@email.com;Niterói;RJ;37;M
143;Ana Ribeiro;ana.ribeiro143@email.com;Curitiba;PR;20;F
144;Bruno Lima;bruno.lima144@email.com;Caicó;RN;58;M
145;Patrícia Santos;patrícia.santos145@email.com;Campina Grande;PB;48;F
146;Patrícia Pereira;patrícia.pereira146@email.com;Fortaleza;CE;34;M
147;Patrícia Santos;patrícia.santos147@email.com;Caruaru;PE;22;F
148;Thiago Costa;thiago.costa148@email.com;Patos;PB;54;M
149;Juliana Santos;juliana.santos149@email.com;Rio de Janeiro;RJ;56;F
150;Vitória Carvalho;vitória.carvalho150@email.com;Florianópolis;SC;46;F
151;Otávio Rodrigues;otávio.rodrigues151@email.com;Joinville;SC;54;F
152;Vitória Silva;vitória.silva152@email.com;Blumenau;SC;31;M
153;Gabriel Rodrigues;gabriel.rodrigues153@email.com;Recife;PE;29;M
154;Sabrina Santos;sabrina.santos154@email.com;São Paulo;SP;46;F
155;Vitória Pereira;vitória.pereira155@email.com;Natal;RN;36;M
156;Juliana Ribeiro;juliana.ribeiro156@email.com;Belo Horizonte;MG;34;M
157;Thiago Costa;thiago.costa157@email.com;Niterói;RJ;52;M
158;Helena Costa;helena.costa158@email.com;Campinas;SP;22;M
159;Bruno Oliveira;bruno.oliveira159@email.com;Caicó;RN;46;F
160;Daniela Pereira;daniela.pereira160@email.com;Caicó;RN;35;F
161;Rafael Lima;rafael.lima161@email.com;Uberlândia;MG;56;M
162;Bruno Rocha;bruno.rocha162@email.com;Ilhéus;BA;56;F
163;Igor Silva;igor.silva163@email.com;Recife;PE;61;M
164;Igor Gomes;igor.gomes164@email.com;Patos;PB;51;F
165;Otávio Rocha;otávio.rocha165@email.com;Natal;RN;58;F
166;Patrícia Santos;patrícia.santos166@email.com;Uberlândia;MG;39;F
167;Karlos Costa;karlos.costa167@email.com;Recife;PE;44;F
168;Patrícia Rodrigues;patrícia.rodrigues168@email.com;Ilhéus;BA;47;M
169;Carlos Ferreira;carlos.ferreira169@email.com;Mossoró;RN;43;M
170;Rafael Melo;rafael.melo170@email.com;Campina Grande;PB;44;F
171;Bruno Souza;bruno.souza171@email.com;Londrina;PR;58;F
172;Otávio Carvalho;otávio.carvalho172@email.com;Patos;PB;53;F
173;Eduardo Rocha;eduardo.rocha173@email.com;Mossoró;RN;25;F
174;Ana Costa;ana.costa174@email.com;Florianópolis;SC;37;M
175;Sabrina Silva;sabrina.silva175@email.com;Londrina;PR;32;M
176;Daniela Pereira;daniela.pereira176@email.com;Petrolina;PE;49;M
177;Juliana Lima;juliana.lima177@email.com;Mossoró;RN;48;F
178;Helena Pereira;helena.pereira178@email.com;Curitiba;PR;30;F
179;Vitória Lima;vitória.lima179@email.com;São Paulo;SP;44;F
180;Karlos Rocha;karlos.rocha180@email.com;Londrina;PR;36;M
181;Juliana Melo;juliana.melo181@email.com;Blumenau;SC;27;F
182;Otávio Lima;otávio.lima182@email.com;Uberlândia;MG;53;F
183;Sabrina Alves;sabrina.alves183@email.com;Uberlândia;MG;62;M
184;Helena Gomes;helena.gomes184@email.com;Salvador;BA;20;F
185;Karlos Ribeiro;karlos.ribeiro185@email.com;Juiz de Fora;MG;42;F
186;Eduardo Pereira;eduardo.pereira186@email.com;Patos;PB;24;F
187;Otávio Santos;otávio.santos187@email.com;Londrina;PR;64;M
188;Eduardo Alves;eduardo.alves188@email.com;São Paulo;SP;34;F
189;Karlos Gomes;karlos.gomes189@email.com;Ilhéus;BA;39;M
190;Sabrina Alves;sabrina.alves190@email.com;Crato;CE;52;F
191;Bruno Gomes;bruno.gomes191@email.com;Recife;PE;32;F
192;Carlos Alves;carlos.alves192@email.com;Petrolina;PE;46;M
193;Fernanda Ribeiro;fernanda.ribeiro193@email.com;Natal;RN;38;M
194;Bruno Rodrigues;bruno.rodrigues194@email.com;Sobral;CE;27;F
195;Helena Lima;helena.lima195@email.com;Ilhéus;BA;28;M
196;Fernanda Santos;fernanda.santos196@email.com;Joinville;SC;49;M
197;Thiago Oliveira;thiago.oliveira197@email.com;Niterói;RJ;47;F
198;Igor Costa;igor.costa198@email.com;João Pessoa;PB;61;F
199;Sabrina Oliveira;sabrina.oliveira199@email.com;Caruaru;PE;55;F
200;Juliana Costa;juliana.costa200@email.com;Ilhéus;BA;47;F
201;Juliana Souza;juliana.souza201@email.com;Feira de Santana;BA;33;M
202;Marcos Gomes;marcos.gomes202@email.com;Crato;CE;62;F
203;Juliana Silva;juliana.silva203@email.com;Feira de Santana;BA;54;M
204;Bruno Rocha;bruno.rocha204@email.com;Blumenau;SC;36;F
205;Helena Gomes;helena.gomes205@email.com;Fortaleza;CE;57;M
206;Igor Costa;igor.costa206@email.com;Santos;SP;58;M
207;Bruno Rodrigues;bruno.rodrigues207@email.com;Belo Horizonte;MG;64;F
208;Eduardo Santos;eduardo.santos208@email.com;Mossoró;RN;29;F
209;Gabriel Oliveira;gabriel.oliveira209@email.com;Londrina;PR;28;F
210;Igor Rocha;igor.rocha210@email.com;Uberlândia;MG;25;F
211;Otávio Santos;otávio.santos211@email.com;São Paulo;SP;53;F
212;Larissa Santos;larissa.santos212@email.com;Salvador;BA;52;F
213;Daniela Pereira;daniela.pereira213@email.com;Crato;CE;55;F
214;Marcos Melo;marcos.melo214@email.com;Fortaleza;CE;48;M
215;Ana Gomes;ana.gomes215@email.com;Londrina;PR;59;M
216;Carlos Costa;carlos.costa216@email.com;Juiz de Fora;MG;59;F
217;Natália Santos;natália.santos217@email.com;São Paulo;SP;37;M
218;Patrícia Santos;patrícia.santos218@email.com;Recife;PE;42;M
219;Otávio Ferreira;otávio.ferreira219@email.com;Londrina;PR;44;M
220;Daniela Melo;daniela.melo220@email.com;Juiz de Fora;MG;35;F
221;Bruno Ribeiro;bruno.ribeiro221@email.com;Fortaleza;CE;46;F
222;Helena Melo;helena.melo222@email.com;Fortaleza;CE;52;F
223;Larissa Silva;larissa.silva223@email.com;Feira de Santana;BA;25;M
224;Otávio Santos;otávio.santos224@email.com;Petrópolis;RJ;21;M
225;Karlos Souza;karlos.souza225@email.com;Santos;SP;22;M
226;Sabrina Souza;sabrina.souza226@email.com;Florianópolis;SC;39;M
227;Eduardo Carvalho;eduardo.carvalho227@email.com;Florianópolis;SC;27;F
228;Eduardo Lima;eduardo.lima228@email.com;Natal;RN;60;M
229;Ana Oliveira;ana.oliveira229@email.com;João Pessoa;PB;55;M
230;Karlos Silva;karlos.silva230@email.com;Campinas;SP;26;M
231;Natália Lima;natália.lima231@email.com;Petrolina;PE;48;M
232;Otávio Carvalho;otávio.carvalho232@email.com;Crato;CE;46;M
233;Rafael Souza;rafael.souza233@email.com;Florianópolis;SC;47;F
234;Ana Silva;ana.silva234@email.com;Uberlândia;MG;61;F
235;Daniela Pereira;daniela.pereira235@email.com;Belo Horizonte;MG;38;M
236;Vitória Oliveira;vitória.oliveira236@email.com;Recife;PE;57;F
237;Thiago Lima;thiago.lima237@email.com;Sobral;CE;47;F
238;Rafael Gomes;rafael.gomes238@email.com;Salvador;BA;59;M
239;Sabrina Ribeiro;sabrina.ribeiro239@email.com;Niterói;RJ;32;F
240;Natália Ferreira;natália.ferreira240@email.com;Uberlândia;MG;64;F
241;Daniela Ferreira;daniela.ferreira241@email.com;Feira de Santana;BA;41;F
242;Eduardo Costa;eduardo.costa242@email.com;Belo Horizonte;MG;23;M
243;Carlos Alves;carlos.alves243@email.com;Petrolina;PE;26;F
244;Sabrina Silva;sabrina.silva244@email.com;Blumenau;SC;60;F
245;Daniela Alves;daniela.alves245@email.com;Crato;CE;64;F
246;Bruno Rodrigues;bruno.rodrigues246@email.com;Joinville;SC;24;F
247;Thiago Lima;thiago.lima247@email.com;Rio de Janeiro;RJ;32;F
248;Daniela Ferreira;daniela.ferreira248@email.com;Londrina;PR;35;M
249;Thiago Souza;thiago.souza249@email.com;Ilhéus;BA;56;M
250;Igor Silva;igor.silva250@email.com;Campinas;SP;39;F
251;Larissa Silva;larissa.silva251@email.com;São Paulo;SP;22;F
252;Eduardo Ribeiro;eduardo.ribeiro252@email.com;Patos;PB;42;M
253;Natália Pereira;natália.pereira253@email.com;Fortaleza;CE;37;F
254;Karlos Carvalho;karlos.carvalho254@email.com;Blumenau;SC;21;M
255;Eduardo Oliveira;eduardo.oliveira255@email.com;Florianópolis;SC;35;M
256;Otávio Costa;otávio.costa256@email.com;Feira de Santana;BA;44;F
257;Igor Souza;igor.souza257@email.com;Curitiba;PR;45;F
258;Daniela Rodrigues;daniela.rodrigues258@email.com;Joinville;SC;20;F
259;Helena Alves;helena.alves259@email.com;Florianópolis;SC;31;M
260;Juliana Souza;juliana.souza260@email.com;Campinas;SP;38;F
261;Daniela Silva;daniela.silva261@email.com;Juiz de Fora;MG;29;F
262;Eduardo Alves;eduardo.alves262@email.com;Maringá;PR;50;M
263;Sabrina Melo;sabrina.melo263@email.com;Fortaleza;CE;65;F
264;Bruno Alves;bruno.alves264@email.com;João Pessoa;PB;38;M
265;Thiago Alves;thiago.alves265@email.com;Joinville;SC;36;F
266;Daniela Alves;daniela.alves266@email.com;João Pessoa;PB;57;M
267;Otávio Melo;otávio.melo267@email.com;Fortaleza;CE;24;F
268;Helena Alves;helena.alves268@email.com;Joinville;SC;43;M
269;Juliana Ribeiro;juliana.ribeiro269@email.com;Fortaleza;CE;28;F
270;Carlos Lima;carlos.lima270@email.com;Petrolina;PE;40;M
271;Larissa Ribeiro;larissa.ribeiro271@email.com;São Paulo;SP;27;M
272;Igor Souza;igor.souza272@email.com;Santos;SP;59;M
273;Carlos Oliveira;carlos.oliveira273@email.com;Uberlândia;MG;61;F
274;Thiago Costa;thiago.costa274@email.com;Joinville;SC;27;F
275;Otávio Santos;otávio.santos275@email.com;Uberlândia;MG;35;F
276;Thiago Silva;thiago.silva276@email.com;Crato;CE;37;M
277;Otávio Pereira;otávio.pereira277@email.com;Patos;PB;36;F
278;Carlos Costa;carlos.costa278@email.com;Petrolina;PE;47;F
279;Thiago Lima;thiago.lima279@email.com;João Pessoa;PB;38;M
280;Vitória Pereira;vitória.pereira280@email.com;Curitiba;PR;46;M
281;Daniela Carvalho;daniela.carvalho281@email.com;Crato;CE;50;M
282;Fernanda Silva;fernanda.silva282@email.com;Petrópolis;RJ;46;F
283;Rafael Lima;rafael.lima283@email.com;Florianópolis;SC;41;F
284;Juliana Alves;juliana.alves284@email.com;Feira de Santana;BA;58;M
285;Karlos Santos;karlos.santos285@email.com;Fortaleza;CE;36;F
286;Igor Ribeiro;igor.ribeiro286@email.com;Florianópolis;SC;23;F
287;Thiago Costa;thiago.costa287@email.com;Campinas;SP;59;F
288;Marcos Oliveira;marcos.oliveira288@email.com;Blumenau;SC;37;M
289;Sabrina Alves;sabrina.alves289@email.com;Fortaleza;CE;59;M
290;Natália Lima;natália.lima290@email.com;Fortaleza;CE;37;F
291;Fernanda Souza;fernanda.souza291@email.com;Sobral;CE;32;M
292;Eduardo Oliveira;eduardo.oliveira292@email.com;Caruaru;PE;50;M
293;Sabrina Melo;sabrina.melo293@email.com;Curitiba;PR;57;F
294;Eduardo Gomes;eduardo.gomes294@email.com;Salvador;BA;29;M
295;Vitória Carvalho;vitória.carvalho295@email.com;Santos;SP;20;F
296;Natália Ferreira;natália.ferreira296@email.com;Niterói;RJ;65;F
297;Otávio Souza;otávio.souza297@email.com;Curitiba;PR;48;F
298;Gabriel Ferreira;gabriel.ferreira298@email.com;Joinville;SC;36;F
299;Marcos Lima;marcos.lima299@email.com;Londrina;PR;30;M
300;Vitória Oliveira;vitória.oliveira300@email.com;Natal;RN;41;F
301;Sabrina Rocha;sabrina.rocha301@email.com;Petrolina;PE;36;M
302;Carlos Carvalho;carlos.carvalho302@email.com;Campinas;SP;50;F
303;Eduardo Melo;eduardo.melo303@email.com;Salvador;BA;46;M
304;Larissa Rocha;larissa.rocha304@email.com;João Pessoa;PB;43;M
305;Rafael Ferreira;rafael.ferreira305@email.com;Niterói;RJ;41;M
306;Helena Silva;helena.silva306@email.com;Fortaleza;CE;27;F
307;Eduardo Silva;eduardo.silva307@email.com;Mossoró;RN;63;M
308;Patrícia Pereira;patrícia.pereira308@email.com;Florianópolis;SC;19;M
309;Igor Souza;igor.souza309@email.com;Santos;SP;25;F
310;Juliana Souza;juliana.souza310@email.com;Natal;RN;33;M
311;Natália Costa;natália.costa311@email.com;Joinville;SC;25;M
312;Patrícia Gomes;patrícia.gomes312@email.com;Curitiba;PR;63;M
313;Eduardo Rodrigues;eduardo.rodrigues313@email.com;Salvador;BA;33;F
314;Thiago Alves;thiago.alves314@email.com;Santos;SP;51;M
315;Larissa Santos;larissa.santos315@email.com;Maringá;PR;42;M
316;Patrícia Silva;patrícia.silva316@email.com;Feira de Santana;BA;65;F
317;Ana Ferreira;ana.ferreira317@email.com;Caruaru;PE;64;M
318;Daniela Carvalho;daniela.carvalho318@email.com;Blumenau;SC;26;F
319;Bruno Ferreira;bruno.ferreira319@email.com;Londrina;PR;61;M
320;Otávio Ribeiro;otávio.ribeiro320@email.com;Juiz de Fora;MG;26;M
321;Carlos Ribeiro;carlos.ribeiro321@email.com;Belo Horizonte;MG;30;F
322;Bruno Carvalho;bruno.carvalho322@email.com;Rio de Janeiro;RJ;37;F
323;Rafael Alves;rafael.alves323@email.com;Londrina;PR;20;F
324;Gabriel Rodrigues;gabriel.rodrigues324@email.com;Fortaleza;CE;35;F
325;Daniela Carvalho;daniela.carvalho325@email.com;Sobral;CE;65;F
326;Otávio Rocha;otávio.rocha326@email.com;Feira de Santana;BA;49;M
327;Patrícia Ferreira;patrícia.ferreira327@email.com;Londrina;PR;64;M
328;Natália Santos;natália.santos328@email.com;Ilhéus;BA;52;M
329;Juliana Ferreira;juliana.ferreira329@email.com;Recife;PE;60;F
330;Juliana Rodrigues;juliana.rodrigues330@email.com;Juiz de Fora;MG;28;F
331;Otávio Ferreira;otávio.ferreira331@email.com;Belo Horizonte;MG;57;F
332;Natália Rodrigues;natália.rodrigues332@email.com;Patos;PB;41;F
333;Rafael Carvalho;rafael.carvalho333@email.com;São Paulo;SP;56;M
334;Otávio Silva;otávio.silva334@email.com;São Paulo;SP;59;M
335;Larissa Ferreira;larissa.ferreira335@email.com;Ilhéus;BA;56;M
336;Eduardo Costa;eduardo.costa336@email.com;Uberlândia;MG;46;F
337;Carlos Gomes;carlos.gomes337@email.com;Santos;SP;43;F
338;Karlos Costa;karlos.costa338@email.com;Natal;RN;19;M
339;Fernanda Pereira;fernanda.pereira339@email.com;Londrina;PR;34;M
340;Igor Ribeiro;igor.ribeiro340@email.com;Belo Horizonte;MG;62;F
341;Patrícia Souza;patrícia.souza341@email.com;Recife;PE;46;M
342;Fernanda Rocha;fernanda.rocha342@email.com;Belo Horizonte;MG;60;F
343;Larissa Ribeiro;larissa.ribeiro343@email.com;Petrolina;PE;37;F
344;Fernanda Ribeiro;fernanda.ribeiro344@email.com;Campinas;SP;25;M
345;Gabriel Carvalho;gabriel.carvalho345@email.com;São Paulo;SP;19;F
346;Larissa Lima;larissa.lima346@email.com;Joinville;SC;53;F
347;Eduardo Gomes;eduardo.gomes347@email.com;Recife;PE;43;F
348;Patrícia Lima;patrícia.lima348@email.com;Feira de Santana;BA;26;M
349;Karlos Costa;karlos.costa349@email.com;Caruaru;PE;61;F
350;Rafael Ferreira;rafael.ferreira350@email.com;Santos;SP;26;M
351;Natália Lima;natália.lima351@email.com;Patos;PB;37;M
352;Fernanda Oliveira;fernanda.oliveira352@email.com;Crato;CE;40;M
353;Rafael Rocha;rafael.rocha353@email.com;Natal;RN;30;F
354;Sabrina Rodrigues;sabrina.rodrigues354@email.com;Santos;SP;57;F
355;Sabrina Santos;sabrina.santos355@email.com;Maringá;PR;55;M
356;Thiago Oliveira;thiago.oliveira356@email.com;Santos;SP;54;F
357;Bruno Melo;bruno.melo357@email.com;Patos;PB;59;M
358;Thiago Rodrigues;thiago.rodrigues358@email.com;Petrópolis;RJ;57;F
359;Ana Pereira;ana.pereira359@email.com;Londrina;PR;48;F
360;Helena Carvalho;helena.carvalho360@email.com;Feira de Santana;BA;22;F
361;Bruno Oliveira;bruno.oliveira361@email.com;Uberlândia;MG;47;F
362;Gabriel Ferreira;gabriel.ferreira362@email.com;Florianópolis;SC;63;F
363;Karlos Ribeiro;karlos.ribeiro363@email.com;Sobral;CE;41;M
364;Rafael Lima;rafael.lima364@email.com;Caruaru;PE;47;M
365;Daniela Rodrigues;daniela.rodrigues365@email.com;Belo Horizonte;MG;24;M
366;Bruno Rodrigues;bruno.rodrigues366@email.com;Ilhéus;BA;33;F
367;Fernanda Melo;fernanda.melo367@email.com;Crato;CE;30;F
368;Fernanda Pereira;fernanda.pereira368@email.com;Londrina;PR;37;F
369;Patrícia Silva;patrícia.silva369@email.com;Caruaru;PE;33;F
370;Gabriel Gomes;gabriel.gomes370@email.com;Fortaleza;CE;36;M
371;Patrícia Gomes;patrícia.gomes371@email.com;Uberlândia;MG;24;M
372;Natália Oliveira;natália.oliveira372@email.com;Caicó;RN;43;F
373;Larissa Silva;larissa.silva373@email.com;Salvador;BA;41;M
374;Sabrina Rodrigues;sabrina.rodrigues374@email.com;Caruaru;PE;53;F
375;Igor Melo;igor.melo375@email.com;Blumenau;SC;26;M
376;Daniela Alves;daniela.alves376@email.com;Sobral;CE;27;F
377;Gabriel Gomes;gabriel.gomes377@email.com;Londrina;PR;20;M
378;Bruno Oliveira;bruno.oliveira378@email.com;Sobral;CE;27;F
379;Vitória Rocha;vitória.rocha379@email.com;Curitiba;PR;57;F
380;Karlos Oliveira;karlos.oliveira380@email.com;Ilhéus;BA;55;F
381;Karlos Lima;karlos.lima381@email.com;Maringá;PR;63;F
382;Thiago Rodrigues;thiago.rodrigues382@email.com;Belo Horizonte;MG;39;F
383;Daniela Alves;daniela.alves383@email.com;Joinville;SC;56;M
384;Patrícia Rodrigues;patrícia.rodrigues384@email.com;Blumenau;SC;64;M
385;Bruno Gomes;bruno.gomes385@email.com;Belo Horizonte;MG;27;F
386;Helena Silva;helena.silva386@email.com;Blumenau;SC;30;M
387;Ana Pereira;ana.pereira387@email.com;Sobral;CE;44;M
388;Gabriel Alves;gabriel.alves388@email.com;Maringá;PR;65;F
389;Bruno Ribeiro;bruno.ribeiro389@email.com;Santos;SP;53;M
390;Karlos Costa;karlos.costa390@email.com;Juiz de Fora;MG;38;F
391;Fernanda Pereira;fernanda.pereira391@email.com;Londrina;PR;61;F
392;Igor Gomes;igor.gomes392@email.com;Belo Horizonte;MG;35;M
393;Sabrina Rodrigues;sabrina.rodrigues393@email.com;Niterói;RJ;63;F
394;Gabriel Ribeiro;gabriel.ribeiro394@email.com;Uberlândia;MG;40;F
395;Sabrina Rocha;sabrina.rocha395@email.com;Mossoró;RN;54;M
396;Sabrina Alves;sabrina.alves396@email.com;Feira de Santana;BA;36;M
397;Bruno Rodrigues;bruno.rodrigues397@email.com;Caruaru;PE;59;F
398;Igor Ribeiro;igor.ribeiro398@email.com;Belo Horizonte;MG;52;M
399;Igor Rocha;igor.rocha399@email.com;Maringá;PR;26;F
400;Daniela Gomes;daniela.gomes400@email.com;Florianópolis;SC;21;M
401;Rafael Souza;rafael.souza401@email.com;Rio de Janeiro;RJ;44;M
402;Karlos Ribeiro;karlos.ribeiro402@email.com;Belo Horizonte;MG;18;M
403;Sabrina Rocha;sabrina.rocha403@email.com;Campinas;SP;48;F
404;Gabriel Carvalho;gabriel.carvalho404@email.com;Mossoró;RN;59;F
405;Bruno Rocha;bruno.rocha405@email.com;Petrolina;PE;52;M
406;Bruno Rocha;bruno.rocha406@email.com;Campinas;SP;20;M
407;Marcos Carvalho;marcos.carvalho407@email.com;Belo Horizonte;MG;20;F
408;Ana Rodrigues;ana.rodrigues408@email.com;Blumenau;SC;39;M
409;Juliana Pereira;juliana.pereira409@email.com;Maringá;PR;26;F
410;Rafael Pereira;rafael.pereira410@email.com;Natal;RN;39;M
411;Fernanda Ribeiro;fernanda.ribeiro411@email.com;Juiz de Fora;MG;63;F
412;Fernanda Silva;fernanda.silva412@email.com;Sobral;CE;29;M
413;Vitória Melo;vitória.melo413@email.com;Feira de Santana;BA;23;F
414;Marcos Costa;marcos.costa414@email.com;Recife;PE;48;M
415;Karlos Rocha;karlos.rocha415@email.com;Rio de Janeiro;RJ;42;F
416;Helena Pereira;helena.pereira416@email.com;Mossoró;RN;55;F
417;Thiago Silva;thiago.silva417@email.com;Caicó;RN;62;F
418;Helena Silva;helena.silva418@email.com;Caruaru;PE;28;F
419;Marcos Costa;marcos.costa419@email.com;Maringá;PR;62;F
420;Daniela Costa;daniela.costa420@email.com;Mossoró;RN;32;M
421;Eduardo Pereira;eduardo.pereira421@email.com;Campinas;SP;44;F
422;Sabrina Rocha;sabrina.rocha422@email.com;Juiz de Fora;MG;33;M
423;Vitória Melo;vitória.melo423@email.com;Petrolina;PE;51;F
424;Larissa Santos;larissa.santos424@email.com;Florianópolis;SC;53;M
425;Rafael Souza;rafael.souza425@email.com;Blumenau;SC;28;M
426;Karlos Melo;karlos.melo426@email.com;Londrina;PR;61;M
427;Gabriel Ribeiro;gabriel.ribeiro427@email.com;Joinville;SC;50;M
428;Otávio Carvalho;otávio.carvalho428@email.com;João Pessoa;PB;50;M
429;Natália Pereira;natália.pereira429@email.com;Florianópolis;SC;61;F
430;Juliana Ribeiro;juliana.ribeiro430@email.com;João Pessoa;PB;18;F
431;Gabriel Gomes;gabriel.gomes431@email.com;Recife;PE;40;F
432;Carlos Lima;carlos.lima432@email.com;Patos;PB;20;F
433;Juliana Alves;juliana.alves433@email.com;São Paulo;SP;41;F
434;Marcos Pereira;marcos.pereira434@email.com;Feira de Santana;BA;61;M
435;Sabrina Oliveira;sabrina.oliveira435@email.com;Fortaleza;CE;52;M
436;Marcos Lima;marcos.lima436@email.com;Santos;SP;18;M
437;Ana Rodrigues;ana.rodrigues437@email.com;Juiz de Fora;MG;52;F
438;Marcos Melo;marcos.melo438@email.com;Rio de Janeiro;RJ;40;F
439;Eduardo Rodrigues;eduardo.rodrigues439@email.com;Petrópolis;RJ;20;M
440;Natália Gomes;natália.gomes440@email.com;Patos;PB;22;M
441;Daniela Gomes;daniela.gomes441@email.com;João Pessoa;PB;33;M
442;Bruno Alves;bruno.alves442@email.com;Belo Horizonte;MG;21;M
443;Eduardo Lima;eduardo.lima443@email.com;Natal;RN;54;F
444;Vitória Carvalho;vitória.carvalho444@email.com;Fortaleza;CE;27;F
445;Rafael Souza;rafael.souza445@email.com;Feira de Santana;BA;21;F
446;Sabrina Gomes;sabrina.gomes446@email.com;Santos;SP;53;F
447;Patrícia Silva;patrícia.silva447@email.com;Crato;CE;51;F
448;Karlos Ribeiro;karlos.ribeiro448@email.com;Feira de Santana;BA;37;M
449;Marcos Oliveira;marcos.oliveira449@email.com;Londrina;PR;32;M
450;Juliana Melo;juliana.melo450@email.com;Campinas;SP;53;M
451;Natália Alves;natália.alves451@email.com;Maringá;PR;42;M
452;Helena Rodrigues;helena.rodrigues452@email.com;Niterói;RJ;46;M
453;Larissa Santos;larissa.santos453@email.com;Maringá;PR;21;M
454;Igor Alves;igor.alves454@email.com;Blumenau;SC;22;M
455;Gabriel Carvalho;gabriel.carvalho455@email.com;Blumenau;SC;48;M
456;Gabriel Melo;gabriel.melo456@email.com;Sobral;CE;31;M
457;Gabriel Ribeiro;gabriel.ribeiro457@email.com;Petrolina;PE;33;F
458;Vitória Ribeiro;vitória.ribeiro458@email.com;Niterói;RJ;53;M
459;Karlos Carvalho;karlos.carvalho459@email.com;Mossoró;RN;52;F
460;Larissa Rodrigues;larissa.rodrigues460@email.com;Mossoró;RN;47;F
461;Daniela Carvalho;daniela.carvalho461@email.com;Uberlândia;MG;41;M
462;Karlos Alves;karlos.alves462@email.com;Campina Grande;PB;65;M
463;Eduardo Silva;eduardo.silva463@email.com;Caicó;RN;36;F
464;Eduardo Souza;eduardo.souza464@email.com;Fortaleza;CE;54;F
465;Helena Pereira;helena.pereira465@email.com;Maringá;PR;34;F
466;Patrícia Ribeiro;patrícia.ribeiro466@email.com;Uberlândia;MG;64;M
467;Larissa Oliveira;larissa.oliveira467@email.com;Santos;SP;29;F
468;Sabrina Costa;sabrina.costa468@email.com;Campina Grande;PB;22;M
469;Bruno Carvalho;bruno.carvalho469@email.com;João Pessoa;PB;58;M
470;Helena Santos;helena.santos470@email.com;São Paulo;SP;50;M
471;Otávio Ferreira;otávio.ferreira471@email.com;Campina Grande;PB;60;F
472;Patrícia Silva;patrícia.silva472@email.com;Campina Grande;PB;18;F
473;Ana Lima;ana.lima473@email.com;Caicó;RN;19;F
474;Rafael Melo;rafael.melo474@email.com;Salvador;BA;24;M
475;Rafael Oliveira;rafael.oliveira475@email.com;Rio de Janeiro;RJ;40;F
476;Igor Carvalho;igor.carvalho476@email.com;Salvador;BA;43;F
477;Otávio Gomes;otávio.gomes477@email.com;Petrópolis;RJ;37;M
478;Carlos Costa;carlos.costa478@email.com;Patos;PB;42;F
479;Marcos Lima;marcos.lima479@email.com;Belo Horizonte;MG;62;M
480;Fernanda Santos;fernanda.santos480@email.com;Uberlândia;MG;54;F
481;Daniela Rocha;daniela.rocha481@email.com;Curitiba;PR;31;M
482;Thiago Pereira;thiago.pereira482@email.com;Natal;RN;61;M
483;Igor Rocha;igor.rocha483@email.com;Maringá;PR;29;M
484;Karlos Silva;karlos.silva484@email.com;Petrópolis;RJ;63;M
485;Marcos Rocha;marcos.rocha485@email.com;Caruaru;PE;54;M
486;Helena Gomes;helena.gomes486@email.com;Ilhéus;BA;42;F
487;Eduardo Carvalho;eduardo.carvalho487@email.com;Petrolina;PE;21;F
488;Daniela Alves;daniela.alves488@email.com;Rio de Janeiro;RJ;56;F
489;Vitória Gomes;vitória.gomes489@email.com;Feira de Santana;BA;58;M
490;Igor Carvalho;igor.carvalho490@email.com;Uberlândia;MG;40;M
491;Sabrina Alves;sabrina.alves491@email.com;Salvador;BA;23;F
492;Vitória Rodrigues;vitória.rodrigues492@email.com;Petrópolis;RJ;23;M
493;Igor Oliveira;igor.oliveira493@email.com;Ilhéus;BA;65;M
494;Marcos Ferreira;marcos.ferreira494@email.com;Fortaleza;CE;18;M
495;Juliana Pereira;juliana.pereira495@email.com;Sobral;CE;26;M
496;Carlos Oliveira;carlos.oliveira496@email.com;Feira de Santana;BA;24;F
497;Ana Santos;ana.santos497@email.com;Crato;CE;56;M
498;Vitória Carvalho;vitória.carvalho498@email.com;Sobral;CE;36;M
499;Natália Alves;natália.alves499@email.com;Petrolina;PE;54;M
500;Rafael Oliveira;rafael.oliveira500@email.com;Salvador;BA;35;M
